{
    "$schema": "https://schema.management.azure.com/schemas/0.1.2-preview/CreateUIDefinition.MultiVm.json#",
    "handler": "Microsoft.Azure.CreateUIDef",
    "version": "0.1.2-preview",
    "parameters": {
        "resourceTypes": ["Microsoft.Compute/virtualMachines"],        
        "basics": [],
        "steps": [
            {
                "name": "VirtualMachines",
                "label": "Máquinas Virtuales",
                "elements": [
                    {
                        "name": "vmtextbox",
                        "type": "Microsoft.Common.TextBox",
                        "label": "Máquina Virtual",
                        "placeholder": "Máquina Virtual",
                        "constraints": {
                            "required": true
                        }
                    }
                ]
            },
            {
                "name": "ContactInfo",
                "label": "Información de Contacto",
                "elements": [
                    {
                        "name": "smstextbox",
                        "type": "Microsoft.Common.TextBox",
                        "label": "Número de teléfono",
                        "placeholder": "Número telefónico a 10 digitos",
                        "constraints":{
                            "required": true
                        }
                    },
                    {
                        "name": "mailtextbox",
                        "type": "Microsoft.Common.TextBox",
                        "label": "Dirección de correo electrónico",
                        "placeholder": "correo@dominio.com",
                        "constraints":{
                            "required": true
                        } 
                    }
                ]
            },
            {
				"name": "vm01",
				"label": "MV Resource Selector",
				"elements":[
					{
						"name": "vmselector01",
                		"type": "Microsoft.Solutions.ResourceSelector",
                		"label": "Seleccione una máquina virtual",
                		"resourceType": "Microsoft.Compute/virtualMachines",
                		"options": {
                    		"filter": {
                       			"subscription": "onBasics",
                        		"location": "onBasics"
                    		}		
                		}		
					}
				]
            },
            {
                "name": "vm02",
                "label": "MV Editable Grid",
                "elements": [
                    {
                        "name": "vmselector02",
                        "type": "Microsoft.Common.EditableGrid",
                        "label": "Máquinas Virtuales",
                        "constraints":{
                            "width": "Full",
                            "rows":{
                                "count":{
                                    "min": 1,
                                    "max": 10
                                }
                            },
                            "columns":[
                                {
                                    "id": "colVM",
                                    "header": "Máquina Virtual",
                                    "width": "1fr",
                                    "element":{
                                        "name": "textbox",
                                        "type": "Microsoft.Common.TextBox",
                                        "placeholder": "Máquina Virtual"
                                    }
                                }
                            ]
                        }
                    }   
                ]
            }
        ],
        "outputs": {
            "VirtualMachines": "[steps('VirtualMachines').vmtextbox]",
            "phoneNumber": "[steps('ContactInfo').smstextbox]",
            "emailAddress": "[steps('ContactInfo').mailtextbox]"
        }
    
    }
}